{
  "name": "long_dist_dep2-attn_restr_dfg_xai",
  "prefix_and_y_true_log": "PLG2\\generated\\11_long_running_dependency2\\exp_015\\preprocessed.xes",
  "neural_network_model_dir": "training\\training_long_dist_dep\\model",
  "dict_dir": "training\\training_long_dist_dep\\dicts",
  "result_dir": "explaining\\long_dist_dep2\\long_dist_dep2-attn_restr_dfg_xai",
  "explainer": "AttentionRestrictedDirectlyFollowsGraph",
  "explainer_kwargs": {
    "prediction_threshold": 0.1,
    "attention_threshold": 0.1,
    "acceptable_prediction_delta": 0.25,
    "edge_weight_threshold": 0.1,
    "last_event_still_relevant_check": false,
    "do_last_event_responsible_check": true,
    "do_relevance_order_check": false
  }
}