{
  "name": "exp_long_dist_dep",
  "prefix_and_y_true_log": "PLG2\\generated\\11_long_running_dependency2\\exp_015\\preprocessed.xes",
  "data_source": {
    "original_data": "PLG2\\generated\\11_long_running_dependency2\\exp_015\\preprocessed.xes",
    "train_data": "PLG2\\generated\\11_long_running_dependency2\\exp_015\\train.xes",
    "test_data": "PLG2\\generated\\11_long_running_dependency2\\exp_015\\test_pref.xes",
    "result_dir": "training\\training_long_dist_dep"
  },
  "transformer_params": {
    "task": "next_activity",
    "epochs": 4,
    "batch_size": 12,
    "learning_rate": 0.001,
    "gpu": 0
  }
}