{
  "name": "exp_032",
  "prefix_and_y_true_log": "PLG2\\generated\\14_complex_models\\complex_model_001\\log4_complex_model_001_50_traces.xes",
  "data_source": {
    "original_data": "PLG2\\generated\\14_complex_models\\complex_model_001\\exp_022\\preprocessed.xes",
    "train_data": "PLG2\\generated\\14_complex_models\\complex_model_001\\exp_022\\train.xes",
    "test_data": "PLG2\\generated\\14_complex_models\\complex_model_001\\exp_022\\test_pref.xes",
    "result_dir": "training\\training_032"
  },
  "transformer_params": {
    "task": "next_activity",
    "epochs": 5,
    "batch_size": 40,
    "learning_rate": 0.001,
    "gpu": 0
  }
}