{
  "name": "exp_023",
  "data_source": {
    "original_data": "PLG2\\generated\\10_even_longer_AND_branches\\exp_020\\preprocessed.xes",
    "train_data": "PLG2\\generated\\10_even_longer_AND_branches\\exp_020\\train.xes",
    "test_data": "PLG2\\generated\\10_even_longer_AND_branches\\exp_020\\test_pref.xes",
    "result_dir": "training\\training_023"
  },
  "transformer_params": {
    "task": "next_activity",
    "epochs": 10,
    "batch_size": 12,
    "learning_rate": 0.001,
    "gpu": 0
  }
}