{
  "name": "exp_025",
  "data_source": {
    "original_data": "PLG2\\generated\\14_complex_models\\complex_model_001\\exp_022\\preprocessed.xes",
    "train_data": "PLG2\\generated\\14_complex_models\\complex_model_001\\exp_022\\train.xes",
    "test_data": "PLG2\\generated\\14_complex_models\\complex_model_001\\exp_022\\test_pref.xes",
    "result_dir": "training\\training_025"
  },
  "transformer_params": {
    "task": "next_activity",
    "epochs": 20,
    "batch_size": 40,
    "learning_rate": 0.001,
    "gpu": 0
  }
}