{
  "name": "exp_bpic13_closed_problems",
  "data_source": {
    "original_data": "realworld_datasets\\bpic2013_closed_problems\\exp_bpic13_closed_problems\\preprocessed.xes",
    "train_data": "realworld_datasets\\bpic2013_closed_problems\\exp_bpic13_closed_problems\\train.xes",
    "test_data": "realworld_datasets\\bpic2013_closed_problems\\exp_bpic13_closed_problems\\test_pref.xes",
    "result_dir": "training\\training_bpic13_closed_problems"
  },
  "transformer_params": {
    "task": "next_activity",
    "epochs": 5,
    "batch_size": 50,
    "learning_rate": 0.001,
    "gpu": 0
  }
}