{
  "name": "exp_looped_and",
  "prefix_and_y_true_log": "PLG2\\generated\\15_looped_AND\\exp_023\\preprocessed.xes",
  "data_source": {
    "original_data": "PLG2\\generated\\15_looped_AND\\exp_023\\preprocessed.xes",
    "train_data": "PLG2\\generated\\15_looped_AND\\exp_023\\train.xes",
    "test_data": "PLG2\\generated\\15_looped_AND\\exp_023\\test_pref.xes",
    "result_dir": "training\\training_looped_and"
  },
  "transformer_params": {
    "task": "next_activity",
    "epochs": 4,
    "batch_size": 12,
    "learning_rate": 0.001,
    "gpu": 0
  }
}