{
  "name": "sequence-trace_mask_walk_xai",
  "prefix_and_y_true_log": "PLG2\\generated\\02_sequence\\exp_018\\preprocessed.xes",
  "neural_network_model_dir": "training\\training_sequence\\model",
  "dict_dir": "training\\training_sequence\\dicts",
  "result_dir": "explaining\\sequence\\sequence-trace_mask_walk_xai",
  "explainer": "TraceMaskWalkExplainer",
  "explainer_kwargs": {
    "softmax_closeness_threshold": 0.1,
    "event_relevance_threshold": 0.4,
    "prediction_threshold": 0.2
  }
}