{
  "name": "sequence-attn_restr_dfg_xai",
  "prefix_and_y_true_log": "PLG2\\generated\\02_sequence\\exp_018\\preprocessed.xes",
  "neural_network_model_dir": "training\\training_sequence\\model",
  "dict_dir": "training\\training_sequence\\dicts",
  "result_dir": "explaining\\sequence\\sequence-attn_restr_dfg_xai",
  "explainer": "AttentionRestrictedDirectlyFollowsGraph",
  "explainer_kwargs": {
    "prediction_threshold": 0.1,
    "attention_threshold": 0.1,
    "acceptable_prediction_delta": 0.25,
    "edge_weight_threshold": 0.1,
    "last_event_still_relevant_check": false,
    "do_last_event_responsible_check": true,
    "do_relevance_order_check": false
  }
}