{
  "name": "looped_and-attn_expl_xai",
  "prefix_and_y_true_log": "PLG2\\generated\\15_looped_AND\\exp_023\\preprocessed.xes",
  "trace_to_explain": "PLG2\\generated\\15_looped_AND\\exp_023\\xai_trace_001.xes",
  "neural_network_model_dir": "training\\training_looped_and\\model",
  "dict_dir": "training\\training_looped_and\\dicts",
  "result_dir": "explaining\\15_looped_AND\\looped_and-attn_expl_xai",
  "explainer": "AttentionExplorationExplainer",
  "explainer_kwargs": {
    "normal_to_abs_thr": 0.8,
    "dependency_threshold": 0.25,
    "attention_score_threshold": 0.1,
    "prediction_threshold": 0.1,
    "evaluators": [
      [
        {
          "allowed_pred_delta": 0.25
        },
        "MaskOutFewEvaluator"
      ],
      [
        {
          "allowed_pred_delta": 0.25
        },
        "MaskOutMostEvaluator"
      ]
    ]
  }
}