{
  "name": "exp_bpic13_closed_problems",
  "data_dir": "irrelevant",
  "run_dir": "irrelevant",
  "evaluation_dir": "irrelevant",
  "event_logs": [
    {
      "name": "BPIC 2013 - closed problems",
      "file_path": "realworld_datasets\\bpic2013_closed_problems\\BPI_Challenge_2013_closed_problems.xes"
    }
  ],
  "splitter_configuration": {
    "name": "random",
    "training_size": 0.7,
    "by": "",
    "seeds": [
      42,
      567,
      789
    ],
    "repetitions": 3,
    "folds": 2
  },
  "min_pref_length": 1,
  "approaches": [],
  "augmentation_strategies": []
}