{
  "name": "sepsis-trace_mask_variety_xai",
  "prefix_and_y_true_log": "realworld_datasets\\sepsis\\exp_sepsis\\preprocessed.xes",
  "neural_network_model_dir": "training\\training_sepsis_GPU\\model",
  "dict_dir": "training\\training_sepsis_GPU\\dicts",
  "result_dir": "explaining\\sepsis\\sepsis-trace_mask_variety_xai",
  "explainer": "TraceMaskVarietyExplainer",
  "explainer_kwargs": {
    "softmax_closeness_threshold": 0.05,
    "event_relevance_threshold": 0.5,
    "prediction_threshold": 0.1
  }
}