{
  "name": "long_dist_dep2-attn_expl_xai",
  "prefix_and_y_true_log": "PLG2\\generated\\11_long_running_dependency2\\exp_015\\preprocessed.xes",
  "neural_network_model_dir": "training\\training_long_dist_dep\\model",
  "dict_dir": "training\\training_long_dist_dep\\dicts",
  "result_dir": "explaining\\long_dist_dep2\\long_dist_dep2-attn_expl_xai",
  "explainer": "AttentionExplorationExplainer",
  "explainer_kwargs": {
    "normal_to_abs_thr": 0.8,
    "dependency_threshold": 0.25,
    "attention_score_threshold": 0.1,
    "prediction_threshold": 0.1,
    "evaluators": [
      [
        {
          "allowed_pred_delta": 0.25
        },
        "MaskOutFewEvaluator"
      ],
      [
        {
          "allowed_pred_delta": 0.25
        },
        "MaskOutMostEvaluator"
      ]
    ]
  }
}