{
  "name": "long_dist_dep2-trace_mask_variety_xai",
  "prefix_and_y_true_log": "PLG2\\generated\\11_long_running_dependency2\\exp_015\\preprocessed.xes",
  "neural_network_model_dir": "training\\training_long_dist_dep\\model",
  "dict_dir": "training\\training_long_dist_dep\\dicts",
  "result_dir": "explaining\\long_dist_dep2\\long_dist_dep2-trace_mask_variety_xai",
  "explainer": "TraceMaskVarietyExplainer",
  "explainer_kwargs": {
    "softmax_closeness_threshold": 0.05,
    "event_relevance_threshold": 0.5,
    "prediction_threshold": 0.1
  }
}