{
  "name": "even_longer_AND_branch_024",
  "prefix_and_y_true_log": "PLG2\\generated\\10_even_longer_AND_branches\\log2_even_longer_AND_branches.xes",
  "trace_to_explain": "PLG2\\generated\\10_even_longer_AND_branches\\exp_010\\xai_trace_007.xes",
  "neural_network_model_dir": "training\\training_023\\model",
  "dict_dir": "training\\training_023\\dicts",
  "result_dir": "explaining\\complex_AND_branches\\even_longer_AND_branch_024",
  "explainer": "AttentionRestrictedDirectlyFollowsGraph",
  "explainer_kwargs": {
    "prediction_threshold": 0.1,
    "attention_threshold": 0.1,
    "acceptable_prediction_delta": 0.50,
    "edge_weight_threshold": 0.10,
    "bpmn_model_path": "PLG2\\generated\\10_even_longer_AND_branches\\even_longer_AND_branches.bpmn"
  }
}