{
  "name": "complex_model_001-visual_001",
  "prefix_and_y_true_log": "PLG2\\generated\\14_complex_models\\complex_model_001\\exp_022\\preprocessed.xes",
  "trace_to_explain": "PLG2\\generated\\14_complex_models\\complex_model_001\\exp_021\\xai_trace_003.xes",
  "neural_network_model_dir": "training\\training_complex_model\\model",
  "dict_dir": "training\\training_complex_model\\dicts",
  "result_dir": "explaining\\14_complex_models\\complex_model_001\\complex_model_001-visual_001",
  "explainer": "VisualAttentionMatrixExplainer"
}