{
  "name": "attn_restr_dfg_template",
  "prefix_and_y_true_log": "PLG2\\generated\\14_complex_models\\complex_model_001\\log4_complex_model_001_50_traces.xes",
  "trace_to_explain": ["A", "D", "E", "MASK", "H", "P", "PRED"],
  "neural_network_model_dir": "training\\training_032\\model",
  "dict_dir": "training\\training_032\\dicts",
  "result_dir": "explaining\\templates\\attn_restr_dfg_template",
  "explainer": "AttentionRestrictedDirectlyFollowsGraph",
  "explainer_kwargs": {
    "prediction_threshold": 0.1,
    "attention_threshold": 0.1,
    "acceptable_prediction_delta": 0.25,
    "edge_weight_threshold": 0.1,
    "last_event_still_relevant_check": false,
    "do_last_event_responsible_check": true,
    "do_relevance_order_check": false,
    "bpmn_model_path": "PLG2\\generated\\14_complex_models\\complex_model_001\\complex_model_001.bpmn"
  }
}