{
  "name": "exp_sepsis_GPU",
  "prefix_and_y_true_log": "realworld_datasets\\sepsis\\exp_sepsis\\preprocessed.xes",
  "data_source": {
    "original_data": "realworld_datasets\\sepsis\\exp_sepsis\\preprocessed.xes",
    "train_data": "realworld_datasets\\sepsis\\exp_sepsis\\train.xes",
    "test_data": "realworld_datasets\\sepsis\\exp_sepsis\\test_pref.xes",
    "result_dir": "training\\training_sepsis_GPU"
  },
  "transformer_params": {
    "task": "next_activity",
    "epochs": 8,
    "batch_size": 40,
    "learning_rate": 0.001,
    "gpu": 0
  }
}