{
  "name": "exp_033",
  "prefix_and_y_true_log": "PLG2\\generated\\12_long_running_dependency3\\log2_long_running_dependency3_10_traces.xes",
  "data_source": {
    "original_data": "PLG2\\generated\\12_long_running_dependency3\\exp_013\\preprocessed.xes",
    "train_data": "PLG2\\generated\\12_long_running_dependency3\\exp_013\\train.xes",
    "test_data": "PLG2\\generated\\12_long_running_dependency3\\exp_013\\test_pref.xes",
    "result_dir": "training\\training_033"
  },
  "transformer_params": {
    "task": "next_activity",
    "epochs": 2,
    "batch_size": 12,
    "learning_rate": 0.001,
    "gpu": 0
  }
}