{
  "name": "exp_sequence",
  "prefix_and_y_true_log": "PLG2\\generated\\02_sequence\\exp_018\\preprocessed.xes",
  "data_source": {
    "original_data": "PLG2\\generated\\02_sequence\\exp_018\\preprocessed.xes",
    "train_data": "PLG2\\generated\\02_sequence\\exp_018\\train.xes",
    "test_data": "PLG2\\generated\\02_sequence\\exp_018\\test_pref.xes",
    "result_dir": "training\\training_sequence"
  },
  "transformer_params": {
    "task": "next_activity",
    "epochs": 4,
    "batch_size": 12,
    "learning_rate": 0.001,
    "gpu": 0
  }
}