{
  "name": "exp_011",
  "data_source": {
    "original_data": "PLG2\\generated\\11_long_running_dependency2\\exp_011\\preprocessed.xes",
    "train_data": "PLG2\\generated\\11_long_running_dependency2\\exp_011\\train.xes",
    "test_data": "PLG2\\generated\\11_long_running_dependency2\\exp_011\\test_pref.xes",
    "result_dir": "training\\training_011"
  },
  "transformer_params": {
    "task": "next_activity",
    "epochs": 10,
    "batch_size": 12,
    "learning_rate": 0.001,
    "gpu": 0
  }
}