{
  "name": "exp_024",
  "data_source": {
    "original_data": "PLG2\\generated\\14_complex_models\\complex_model_001\\exp_021\\preprocessed.xes",
    "train_data": "PLG2\\generated\\14_complex_models\\complex_model_001\\exp_021\\train.xes",
    "test_data": "PLG2\\generated\\14_complex_models\\complex_model_001\\exp_021\\test_pref.xes",
    "result_dir": "training\\training_024"
  },
  "transformer_params": {
    "task": "next_activity",
    "epochs": 10,
    "batch_size": 20,
    "learning_rate": 0.001,
    "gpu": 0
  }
}