{
  "name": "exp_bpic12_GPU",
  "prefix_and_y_true_log": "realworld_datasets\\bpic2012\\exp_bpic12\\preprocessed.xes",
  "data_source": {
    "original_data": "realworld_datasets\\bpic2012\\exp_bpic12\\preprocessed.xes",
    "train_data": "realworld_datasets\\bpic2012\\exp_bpic12\\train.xes",
    "test_data": "realworld_datasets\\bpic2012\\exp_bpic12\\test_pref.xes",
    "result_dir": "training\\training_bpic12_GPU"
  },
  "transformer_params": {
    "task": "next_activity",
    "epochs": 4,
    "batch_size": 40,
    "learning_rate": 0.001,
    "gpu": 0
  }
}