{
  "name": "bpic13_closed_problems-trace_mask_variety_xai",
  "prefix_and_y_true_log": "realworld_datasets\\bpic2013_closed_problems\\exp_bpic13_closed_problems\\preprocessed.xes",
  "neural_network_model_dir": "training\\training_bpic13_closed_problems_GPU\\model",
  "dict_dir": "training\\training_bpic13_closed_problems_GPU\\dicts",
  "result_dir": "explaining\\bpic13_closed_problems\\bpic13_closed_problems-trace_mask_variety_xai",
  "explainer": "TraceMaskVarietyExplainer",
  "explainer_kwargs": {
    "softmax_closeness_threshold": 0.05,
    "event_relevance_threshold": 0.5,
    "prediction_threshold": 0.1
  }
}