{
  "name": "bpic13_closed_problems-trace_mask_walk_xai",
  "prefix_and_y_true_log": "realworld_datasets\\bpic2013_closed_problems\\exp_bpic13_closed_problems\\preprocessed.xes",
  "neural_network_model_dir": "training\\training_bpic13_closed_problems_GPU\\model",
  "dict_dir": "training\\training_bpic13_closed_problems_GPU\\dicts",
  "result_dir": "explaining\\bpic13_closed_problems\\bpic13_closed_problems-trace_mask_walk_xai",
  "explainer": "TraceMaskWalkExplainer",
  "explainer_kwargs": {
    "softmax_closeness_threshold": 0.1,
    "event_relevance_threshold": 0.4,
    "prediction_threshold": 0.2
  }
}